{"cameraMode":{"drawMode":0,"name":"Shaded","section":"Shading Mode"},"sceneLighting":false,"audioPlay":false,"sceneViewState":{"m_AlwaysRefresh":false,"showFog":true,"showSkybox":false,"showFlares":true,"showImageEffects":true,"showParticleSystems":true,"showVisualEffectGraphs":true,"m_FxEnabled":true},"in2DMode":false,"pivot":{"x":-0.21589358150959016,"y":0.3156718313694,"z":-0.9777112007141113},"rotation":{"x":-0.13340811431407929,"y":-0.006840118672698736,"z":0.0009225389803759754,"w":-0.9910435080528259},"size":2.112372636795044,"orthographic":false}